,Beta = -0.1 to 0.3 at 1.7Ga,Beta = -0.1,Beta = 0.05
0.0,1616.972839,1616.972839,1614.402703
0.005,1617.589502,1617.589502,1615.020211
0.01,1618.205239,1618.205239,1615.6382
0.015,1618.820052,1618.820052,1616.256671
0.02,1619.433941,1619.433941,1616.875624
0.025,1620.046907,1620.046907,1617.495058
0.03,1620.658953,1620.658953,1618.114975
0.035,1621.270078,1621.270078,1618.735374
0.04,1621.880282,1621.880282,1619.356253
0.045,1622.489554,1622.489554,1619.977601
0.05,1623.097895,1623.097895,1620.599416
0.055,1623.705305,1623.705305,1621.221701
0.06,1624.311787,1624.311787,1621.844454
0.065,1624.91734,1624.91734,1622.467675
0.07,1625.521967,1625.521967,1623.091366
0.075,1626.125668,1626.125668,1623.715525
0.08,1626.728432,1626.728432,1624.340141
0.085,1627.330254,1627.330254,1624.965209
0.09,1627.931135,1627.931135,1625.590727
0.095,1628.531077,1628.531077,1626.216697
0.1,1629.13008,1629.13008,1626.843119
0.105,1629.728145,1629.728145,1627.469992
0.11,1630.325274,1630.325274,1628.097317
0.115,1630.921469,1630.921469,1628.725095
0.12,1631.516737,1631.516737,1629.353333
0.125,1632.111077,1632.111077,1629.982029
0.13,1632.704492,1632.704492,1630.611184
0.135,1633.296983,1633.296983,1631.240798
0.14,1633.888549,1633.888549,1631.870872
0.145,1634.479193,1634.479193,1632.501405
0.15,1635.068915,1635.068915,1633.132398
0.155,1635.657719,1635.657719,1633.763853
0.16,1636.245606,1636.245606,1634.395771
0.165,1636.832578,1636.832578,1635.028152
0.17,1637.418635,1637.418635,1635.660997
0.175,1638.003779,1638.003779,1636.294306
0.18,1638.58801,1638.58801,1636.928079
0.185,1639.171329,1639.171329,1637.562315
0.19,1639.753737,1639.753737,1638.197016
0.195,1640.335238,1640.335238,1638.832183
0.2,1640.915831,1640.915831,1639.467816
0.205,1641.495517,1641.495517,1640.103914
0.21,1642.074298,1642.074298,1640.74048
0.215,1642.652174,1642.652174,1641.377511
0.22,1643.229146,1643.229146,1642.015009
0.225,1643.805215,1643.805215,1642.652974
0.23,1644.380381,1644.380381,1643.291406
0.235,1644.954646,1644.954646,1643.930304
0.24,1645.528011,1645.528011,1644.569669
0.245,1646.100476,1646.100476,1645.209502
0.25,1646.672042,1646.672042,1645.849802
0.255,1647.24271,1647.24271,1646.490569
0.26,1647.81248,1647.81248,1647.131803
0.265,1648.381355,1648.381355,1647.773507
0.27,1648.949338,1648.949338,1648.415682
0.275,1649.516429,1649.516429,1649.058328
0.28,1650.082629,1650.082629,1649.701445
0.285,1650.64794,1650.64794,1650.345034
0.29,1651.212361,1651.212361,1650.989094
0.295,1651.775893,1651.775893,1651.633627
0.3,1652.338537,1652.338537,1652.278631
0.305,1652.900295,1652.900295,1652.924107
0.31,1653.461165,1653.461165,1653.570055
0.315,1654.02115,1654.02115,1654.216475
0.32,1654.58025,1654.58025,1654.863367
0.325,1655.138466,1655.138466,1655.510732
0.33,1655.695798,1655.695798,1656.158569
0.335,1656.252247,1656.252247,1656.806879
0.34,1656.807816,1656.807816,1657.455663
0.345,1657.362506,1657.362506,1658.104923
0.35,1657.916319,1657.916319,1658.75466
0.355,1658.469255,1658.469255,1659.404873
0.36,1659.021315,1659.021315,1660.055563
0.365,1659.572499,1659.572499,1660.706729
0.37,1660.122808,1660.122808,1661.358372
0.375,1660.672242,1660.672242,1662.010491
0.38,1661.220799,1661.220799,1662.663084
0.385,1661.76848,1661.76848,1663.31615
0.39,1662.315285,1662.315285,1663.96969
0.395,1662.861214,1662.861214,1664.623704
0.4,1663.406269,1663.406269,1665.278191
0.405,1663.950449,1663.950449,1665.933153
0.41,1664.493755,1664.493755,1666.588588
0.415,1665.036178,1665.036178,1667.244486
0.42,1665.57771,1665.57771,1667.900841
0.425,1666.118353,1666.118353,1668.557652
0.43,1666.658107,1666.658107,1669.21492
0.435,1667.196972,1667.196972,1669.872644
0.44,1667.73495,1667.73495,1670.530825
0.445,1668.27204,1668.27204,1671.189463
0.45,1668.808242,1668.808242,1671.848556
0.455,1669.343552,1669.343552,1672.508101
0.46,1669.877971,1669.877971,1673.168097
0.465,1670.4115,1670.4115,1673.828544
0.47,1670.944138,1670.944138,1674.489443
0.475,1671.475886,1671.475886,1675.150792
0.48,1672.006745,1672.006745,1675.812593
0.485,1672.536715,1672.536715,1676.474846
0.49,1673.065795,1673.065795,1677.137548
0.495,1673.593985,1673.593985,1677.8007
0.5,1674.121286,1674.121286,1678.464301
0.505,1674.647698,1674.647698,1679.128351
0.51,1675.173221,1675.173221,1679.79285
0.515,1675.697856,1675.697856,1680.457799
0.52,1676.221604,1676.221604,1681.123197
0.525,1676.744463,1676.744463,1681.789044
0.53,1677.266433,1677.266433,1682.455338
0.535,1677.787515,1677.787515,1683.122079
0.54,1678.307709,1678.307709,1683.789268
0.545,1678.827015,1678.827015,1684.456904
0.55,1679.345434,1679.345434,1685.124986
0.555,1679.862966,1679.862966,1685.793516
0.56,1680.379611,1680.379611,1686.462493
0.565,1680.895361,1680.895361,1687.131907
0.57,1681.410214,1681.410214,1687.801759
0.575,1681.924171,1681.924171,1688.472045
0.58,1682.437232,1682.437232,1689.142768
0.585,1682.949396,1682.949396,1689.813927
0.59,1683.460666,1683.460666,1690.485521
0.595,1683.97104,1683.97104,1691.157551
0.6,1684.480517,1684.480517,1691.830014
0.605,1684.989097,1684.989097,1692.50291
0.61,1685.496778,1685.496778,1693.176236
0.615,1686.003561,1686.003561,1693.849995
0.62,1686.509447,1686.509447,1694.524184
0.625,1687.014436,1687.014436,1695.198805
0.63,1687.518527,1687.518527,1695.873856
0.635,1688.021721,1688.021721,1696.549339
0.64,1688.524019,1688.524019,1697.225251
0.645,1689.02542,1689.02542,1697.901595
0.65,1689.525925,1689.525925,1698.578368
0.655,1690.025534,1690.025534,1699.255572
0.66,1690.524247,1690.524247,1699.933206
0.665,1691.022065,1691.022065,1700.61127
0.67,1691.518986,1691.518986,1701.289763
0.675,1692.015018,1692.015018,1701.968691
0.68,1692.510165,1692.510165,1702.648058
0.685,1693.004427,1693.004427,1703.327866
0.69,1693.497806,1693.497806,1704.008114
0.695,1693.990301,1693.990301,1704.688801
0.7,1694.481912,1694.481912,1705.369929
0.705,1694.97264,1694.97264,1706.051495
0.71,1695.462484,1695.462484,1706.733501
0.715,1695.951445,1695.951445,1707.415946
0.72,1696.439523,1696.439523,1708.098829
0.725,1696.926718,1696.926718,1708.782152
0.73,1697.41303,1697.41303,1709.465913
0.735,1697.898458,1697.898458,1710.150113
0.74,1698.383004,1698.383004,1710.83475
0.745,1698.866668,1698.866668,1711.519826
0.75,1699.349446,1699.349446,1712.205338
0.755,1699.831339,1699.831339,1712.891283
0.76,1700.312345,1700.312345,1713.577662
0.765,1700.792465,1700.792465,1714.264475
0.77,1701.271699,1701.271699,1714.951722
0.775,1701.750047,1701.750047,1715.639401
0.78,1702.227509,1702.227509,1716.327513
0.785,1702.704087,1702.704087,1717.01606
0.79,1703.179787,1703.179787,1717.705047
0.795,1703.654611,1703.654611,1718.394476
0.8,1704.128557,1704.128557,1719.084346
0.805,1704.601628,1704.601628,1719.774657
0.81,1705.073821,1705.073821,1720.46541
0.815,1705.545138,1705.545138,1721.156602
0.82,1706.015578,1706.015578,1721.848236
0.825,1706.485151,1706.485151,1722.540319
0.83,1706.953862,1706.953862,1723.232857
0.835,1707.421711,1707.421711,1723.925849
0.84,1707.888699,1707.888699,1724.619297
0.845,1708.354824,1708.354824,1725.313198
0.85,1708.820088,1708.820088,1726.007554
0.855,1709.28449,1709.28449,1726.702364
0.86,1709.74803,1709.74803,1727.397629
0.865,1710.210715,1710.210715,1728.093352
0.87,1710.672542,1710.672542,1728.789535
0.875,1711.133513,1711.133513,1729.486177
0.88,1711.593628,1711.593628,1730.183277
0.885,1712.052886,1712.052886,1730.880835
0.89,1712.511287,1712.511287,1731.578852
0.895,1712.968831,1712.968831,1732.277327
0.9,1713.425515,1713.425515,1732.976257
0.905,1713.881338,1713.881338,1733.675641
0.91,1714.336301,1714.336301,1734.375478
0.915,1714.790403,1714.790403,1735.075769
0.92,1715.243643,1715.243643,1735.776512
0.925,1715.696022,1715.696022,1736.477709
0.93,1716.14754,1716.14754,1737.179358
0.935,1716.5982,1716.5982,1737.881464
0.94,1717.048011,1717.048011,1738.584035
0.945,1717.496974,1717.496974,1739.287071
0.95,1717.945088,1717.945088,1739.990573
0.955,1718.392353,1718.392353,1740.694539
0.96,1718.838769,1718.838769,1741.398969
0.965,1719.284336,1719.284336,1742.103864
0.97,1719.729054,1719.729054,1742.809223
0.975,1720.172923,1720.172923,1743.515048
0.98,1720.615945,1720.615945,1744.221338
0.985,1721.058118,1721.058118,1744.928094
0.99,1721.499444,1721.499444,1745.635314
0.995,1721.939921,1721.939921,1746.343
1.0,1722.37955,1722.37955,1747.05115
1.005,1722.818329,1722.818329,1747.759764
1.01,1723.256261,1723.256261,1748.468844
1.015,1723.693345,1723.693345,1749.178389
1.02,1724.129582,1724.129582,1749.8884
1.025,1724.56497,1724.56497,1750.598876
1.03,1724.999511,1724.999511,1751.309817
1.035,1725.433204,1725.433204,1752.021223
1.04,1725.866048,1725.866048,1752.733094
1.045,1726.298041,1726.298041,1753.445426
1.05,1726.729166,1726.729166,1754.158204
1.055,1727.159418,1727.159418,1754.871422
1.06,1727.588798,1727.588798,1755.58508
1.065,1728.017305,1728.017305,1756.299177
1.07,1728.444938,1728.444938,1757.013714
1.075,1728.871697,1728.871697,1757.72869
1.08,1729.297583,1729.297583,1758.444105
1.085,1729.722579,1729.722579,1759.159943
1.09,1730.14667,1730.14667,1759.876188
1.095,1730.569855,1730.569855,1760.59284
1.1,1730.992133,1730.992133,1761.309897
1.105,1731.413504,1731.413504,1762.027359
1.11,1731.833967,1731.833967,1762.745226
1.115,1732.253523,1732.253523,1763.463497
1.12,1732.672172,1732.672172,1764.182173
1.125,1733.089917,1733.089917,1764.901258
1.13,1733.506759,1733.506759,1765.62075
1.135,1733.922698,1733.922698,1766.340651
1.14,1734.337732,1734.337732,1767.06096
1.145,1734.751862,1734.751862,1767.781676
1.15,1735.165088,1735.165088,1768.502798
1.155,1735.577408,1735.577408,1769.224326
1.16,1735.988825,1735.988825,1769.946262
1.165,1736.399339,1736.399339,1770.668607
1.17,1736.808951,1736.808951,1771.391361
1.175,1737.21766,1737.21766,1772.114522
1.18,1737.625465,1737.625465,1772.838091
1.185,1738.032366,1738.032366,1773.562067
1.19,1738.438362,1738.438362,1774.286449
1.195,1738.843455,1738.843455,1775.011238
1.2,1739.247652,1739.247652,1775.736442
1.205,1739.650952,1739.650952,1776.462061
1.21,1740.053356,1740.053356,1777.188093
1.215,1740.454863,1740.454863,1777.91454
1.22,1740.855472,1740.855472,1778.641399
1.225,1741.255183,1741.255183,1779.36867
1.23,1741.653995,1741.653995,1780.096354
1.235,1742.051911,1742.051911,1780.824452
1.24,1742.448931,1742.448931,1781.552964
1.245,1742.845054,1742.845054,1782.281891
1.25,1743.240281,1743.240281,1783.011231
1.255,1743.63461,1743.63461,1783.740985
1.26,1744.028041,1744.028041,1784.471151
1.265,1744.420574,1744.420574,1785.201729
1.27,1744.812207,1744.812207,1785.932718
1.275,1745.202939,1745.202939,1786.664116
1.28,1745.592768,1745.592768,1787.395923
1.285,1745.981694,1745.981694,1788.128137
1.29,1746.369717,1746.369717,1788.860758
1.295,1746.756836,1746.756836,1789.593785
1.3,1747.14305,1747.14305,1790.327218
1.305,1747.528359,1747.528359,1791.061057
1.31,1747.912765,1747.912765,1791.795303
1.315,1748.296268,1748.296268,1792.529957
1.32,1748.678869,1748.678869,1793.265019
1.325,1749.060565,1749.060565,1794.000487
1.33,1749.441357,1749.441357,1794.736361
1.335,1749.821244,1749.821244,1795.472641
1.34,1750.200226,1750.200226,1796.209326
1.345,1750.578299,1750.578299,1796.946414
1.35,1750.955462,1750.955462,1797.683901
1.355,1751.331713,1751.331713,1798.421787
1.36,1751.707051,1751.707051,1799.160072
1.365,1752.081476,1752.081476,1799.898753
1.37,1752.454987,1752.454987,1800.637832
1.375,1752.827583,1752.827583,1801.377306
1.38,1753.199264,1753.199264,1802.117176
1.385,1753.570031,1753.570031,1802.857442
1.39,1753.939883,1753.939883,1803.598104
1.395,1754.30882,1754.30882,1804.339161
1.4,1754.67684,1754.67684,1805.080613
1.405,1755.043943,1755.043943,1805.822459
1.41,1755.410129,1755.410129,1806.564698
1.415,1755.775396,1755.775396,1807.307329
1.42,1756.139745,1756.139745,1808.050352
1.425,1756.503176,1756.503176,1808.793769
1.43,1756.865688,1756.865688,1809.537577
1.435,1757.227281,1757.227281,1810.281777
1.44,1757.587953,1757.587953,1811.026368
1.445,1757.947705,1757.947705,1811.771349
1.45,1758.306534,1758.306534,1812.516719
1.455,1758.664441,1758.664441,1813.262477
1.46,1759.021426,1759.021426,1814.008625
1.465,1759.377489,1759.377489,1814.755161
1.47,1759.732629,1759.732629,1815.502086
1.475,1760.086845,1760.086845,1816.249398
1.48,1760.440137,1760.440137,1816.997097
1.485,1760.792502,1760.792502,1817.745181
1.49,1761.143942,1761.143942,1818.49365
1.495,1761.494452,1761.494452,1819.242501
1.5,1761.84403,1761.84403,1819.991731
1.505,1762.192674,1762.192674,1820.741339
1.51,1762.540384,1762.540384,1821.491325
1.515,1762.88716,1762.88716,1822.241687
1.52,1763.232999,1763.232999,1822.992424
1.525,1763.577902,1763.577902,1823.743536
1.53,1763.921866,1763.921866,1824.495021
1.535,1764.264883,1764.264883,1825.246871
1.54,1764.606952,1764.606952,1825.999085
1.545,1764.948073,1764.948073,1826.751661
1.55,1765.288243,1765.288243,1827.504599
1.555,1765.627463,1765.627463,1828.257898
1.56,1765.965731,1765.965731,1829.011556
1.565,1766.303046,1766.303046,1829.765574
1.57,1766.639399,1766.639399,1830.519941
1.575,1766.974785,1766.974785,1831.274653
1.58,1767.309203,1767.309203,1832.029707
1.585,1767.64265,1767.64265,1832.785104
1.59,1767.975127,1767.975127,1833.540841
1.595,1768.306632,1768.306632,1834.296919
1.6,1768.637165,1768.637165,1835.053335
1.605,1768.966724,1768.966724,1835.810089
1.61,1769.29531,1769.29531,1836.567182
1.615,1769.622923,1769.622923,1837.324613
1.62,1769.949561,1769.949561,1838.08238
1.625,1770.275222,1770.275222,1838.840483
1.63,1770.599907,1770.599907,1839.59892
1.635,1770.923614,1770.923614,1840.357691
1.64,1771.246341,1771.246341,1841.116794
1.645,1771.568087,1771.568087,1841.876227
1.65,1771.888849,1771.888849,1842.635988
1.655,1772.208627,1772.208627,1843.396075
1.66,1772.527419,1772.527419,1844.156488
1.665,1772.845224,1772.845224,1844.917226
1.67,1773.16204,1773.16204,1845.678286
1.675,1773.477868,1773.477868,1846.439669
1.68,1773.792709,1773.792709,1847.201376
1.685,1774.106573,1774.106573,1847.963419
1.69,1774.41946,1774.41946,1848.725795
1.695,1774.731369,1774.731369,1849.488503
1.7,1775.042297,1775.042297,1850.251544
1.705,1775.353052,1775.352245,1851.014914
1.71,1775.664171,1775.661211,1851.778614
1.715,1775.975655,1775.969194,1852.542643
1.72,1776.287507,1776.276194,1853.306999
1.725,1776.599727,1776.58221,1854.071684
1.73,1776.912316,1776.887242,1854.836695
1.735,1777.225276,1777.191288,1855.602032
1.74,1777.538606,1777.494347,1856.367693
1.745,1777.852308,1777.796418,1857.133678
1.75,1778.166383,1778.097499,1857.899984
1.755,1778.480826,1778.397585,1858.666606
1.76,1778.79563,1778.696666,1859.433535
1.765,1779.110795,1778.99474,1860.200768
1.77,1779.426323,1779.291807,1860.968304
1.775,1779.742212,1779.587864,1861.736143
1.78,1780.058465,1779.882911,1862.504282
1.785,1780.375082,1780.176946,1863.272721
1.79,1780.692062,1780.469966,1864.041456
1.795,1781.009388,1780.761952,1864.810468
1.8,1781.327055,1781.052898,1865.579751
1.805,1781.645063,1781.342802,1866.349302
1.81,1781.963414,1781.631662,1867.119121
1.815,1782.282108,1781.919478,1867.889207
1.82,1782.601145,1782.206248,1868.659557
1.825,1782.920526,1782.491971,1869.43017
1.83,1783.240253,1782.776645,1870.201045
1.835,1783.560326,1783.060272,1870.972183
1.84,1783.880748,1783.342849,1871.743582
1.845,1784.201518,1783.624375,1872.51524
1.85,1784.522637,1783.904849,1873.287156
1.855,1784.844106,1784.184269,1874.059328
1.86,1785.165924,1784.462634,1874.831754
1.865,1785.488093,1784.739942,1875.604433
1.87,1785.810609,1785.016187,1876.377359
1.875,1786.133473,1785.291368,1877.150531
1.88,1786.456684,1785.565484,1877.923946
1.885,1786.780244,1785.838532,1878.697604
1.89,1787.104152,1786.110511,1879.471501
1.895,1787.42841,1786.38142,1880.245637
1.9,1787.753017,1786.651257,1881.020011
1.905,1788.07798,1786.920026,1881.794624
1.91,1788.403303,1787.187728,1882.56948
1.915,1788.728986,1787.454363,1883.344578
1.92,1789.055032,1787.71993,1884.119915
1.925,1789.381439,1787.984426,1884.895489
1.93,1789.708209,1788.24785,1885.6713
1.935,1790.035342,1788.5102,1886.447346
1.94,1790.362838,1788.771474,1887.223623
1.945,1790.690694,1789.031668,1888.000128
1.95,1791.018911,1789.290778,1888.776857
1.955,1791.347489,1789.548804,1889.553809
1.96,1791.676428,1789.805743,1890.330981
1.965,1792.005729,1790.061594,1891.108374
1.97,1792.335393,1790.316356,1891.885983
1.975,1792.66542,1790.570027,1892.663809
1.98,1792.995815,1790.822609,1893.441852
1.985,1793.326582,1791.074103,1894.220115
1.99,1793.65772,1791.324508,1894.998595
1.995,1793.989232,1791.573822,1895.77729
2.0,1794.321116,1791.822044,1896.556199
2.005,1794.653375,1792.069171,1897.33532
2.01,1794.986008,1792.315202,1898.11465
2.015,1795.319015,1792.560135,1898.894188
2.02,1795.652394,1792.803963,1899.673927
2.025,1795.986144,1793.046686,1900.453866
2.03,1796.320267,1793.288301,1901.234002
2.035,1796.654762,1793.528806,1902.014335
2.04,1796.989631,1793.7682,1902.79486
2.045,1797.324874,1794.006482,1903.575578
2.05,1797.660492,1794.243648,1904.356485
2.055,1797.996481,1794.479695,1905.137577
2.06,1798.332842,1794.714618,1905.918849
2.065,1798.669574,1794.948417,1906.700301
2.07,1799.006679,1795.181088,1907.48193
2.075,1799.344156,1795.412631,1908.263733
2.08,1799.682006,1795.643043,1909.045709
2.085,1800.020231,1795.872323,1909.827856
2.09,1800.35883,1796.10047,1910.610173
2.095,1800.697807,1796.327482,1911.392658
2.1,1801.037162,1796.553359,1912.17531
2.105,1801.376896,1796.778099,1912.958127
2.11,1801.717008,1797.001699,1913.741106
2.115,1802.057501,1797.224157,1914.524246
2.12,1802.398374,1797.445473,1915.307544
2.125,1802.739628,1797.665643,1916.090999
2.13,1803.081265,1797.884668,1916.874609
2.135,1803.423287,1798.102547,1917.658373
2.14,1803.765694,1798.319276,1918.44229
2.145,1804.108487,1798.534856,1919.226356
2.15,1804.451666,1798.749282,1920.01057
2.155,1804.795233,1798.962555,1920.794929
2.16,1805.139187,1799.17467,1921.579432
2.165,1805.483526,1799.385624,1922.364071
2.17,1805.828243,1799.595407,1923.14884
2.175,1806.173341,1799.804018,1923.933735
2.18,1806.518818,1800.011455,1924.718754
2.185,1806.864676,1800.217715,1925.503895
2.19,1807.210915,1800.422797,1926.289155
2.195,1807.557536,1800.626697,1927.074532
2.2,1807.904539,1800.829415,1927.860024
2.205,1808.251925,1801.030948,1928.645627
2.21,1808.599693,1801.231294,1929.431341
2.215,1808.947846,1801.430451,1930.217162
2.22,1809.296383,1801.628417,1931.003087
2.225,1809.645305,1801.825189,1931.789115
2.23,1809.994613,1802.020766,1932.575243
2.235,1810.344306,1802.215145,1933.361468
2.24,1810.694382,1802.408321,1934.147785
2.245,1811.044838,1802.600287,1934.934186
2.25,1811.395674,1802.791041,1935.72067
2.255,1811.746891,1802.980582,1936.507233
2.26,1812.098488,1803.168906,1937.293874
2.265,1812.450467,1803.356011,1938.080589
2.27,1812.802827,1803.541896,1938.867375
2.275,1813.15557,1803.726558,1939.654231
2.28,1813.508696,1803.909994,1940.441153
2.285,1813.862205,1804.092203,1941.228139
2.29,1814.216097,1804.273182,1942.015186
2.295,1814.570374,1804.452928,1942.802292
2.3,1814.925036,1804.631441,1943.589453
2.305,1815.280082,1804.808716,1944.376667
2.31,1815.635515,1804.984752,1945.163932
2.315,1815.991341,1805.159555,1945.951251
2.32,1816.34757,1805.333129,1946.738631
2.325,1816.704201,1805.505472,1947.526068
2.33,1817.061235,1805.676582,1948.31356
2.335,1817.418673,1805.846456,1949.101103
2.34,1817.776516,1806.015093,1949.888696
2.345,1818.134763,1806.182489,1950.676334
2.35,1818.493416,1806.348643,1951.464017
2.355,1818.852481,1806.513556,1952.251745
2.36,1819.211957,1806.677228,1953.039516
2.365,1819.571845,1806.839654,1953.827327
2.37,1819.932147,1807.000834,1954.615175
2.375,1820.292862,1807.160763,1955.403058
2.38,1820.653991,1807.319441,1956.190972
2.385,1821.015535,1807.476864,1956.978914
2.39,1821.377495,1807.63303,1957.766882
2.395,1821.73987,1807.787936,1958.554873
2.4,1822.102663,1807.941581,1959.342883
2.405,1822.465873,1808.093961,1960.130911
2.41,1822.8295,1808.245074,1960.918952
2.415,1823.193546,1808.394917,1961.707003
2.42,1823.558011,1808.543488,1962.495063
2.425,1823.922895,1808.690784,1963.283126
2.43,1824.288194,1808.836797,1964.071185
2.435,1824.653909,1808.981525,1964.859238
2.44,1825.020039,1809.124966,1965.647281
2.445,1825.386587,1809.267116,1966.435311
2.45,1825.753552,1809.407973,1967.223325
2.455,1826.120934,1809.547535,1968.01132
2.46,1826.488735,1809.685799,1968.799292
2.465,1826.856957,1809.822764,1969.587241
2.47,1827.225601,1809.958428,1970.375163
2.475,1827.594668,1810.092788,1971.163056
2.48,1827.964158,1810.225843,1971.950916
2.485,1828.334073,1810.357588,1972.73874
2.49,1828.704412,1810.488022,1973.526525
2.495,1829.075175,1810.617141,1974.314267
2.5,1829.446364,1810.744943,1975.101963
2.505,1829.817977,1810.871422,1975.889607
2.51,1830.190013,1810.996577,1976.677195
2.515,1830.562475,1811.120403,1977.464725
2.52,1830.935361,1811.242898,1978.252194
2.525,1831.308674,1811.36406,1979.039596
2.53,1831.682412,1811.483885,1979.82693
2.535,1832.056578,1811.602371,1980.614192
2.54,1832.431178,1811.719522,1981.401384
2.545,1832.806214,1811.835336,1982.188505
2.55,1833.181686,1811.94981,1982.975552
2.555,1833.557596,1812.062942,1983.76252
2.56,1833.933945,1812.174729,1984.549407
2.565,1834.310732,1812.285167,1985.336209
2.57,1834.687958,1812.394255,1986.122923
2.575,1835.065615,1812.501979,1986.909535
2.58,1835.443688,1812.608322,1987.696026
2.585,1835.822176,1812.71328,1988.482393
2.59,1836.201082,1812.816851,1989.268632
2.595,1836.580403,1812.919031,1990.054739
2.6,1836.960142,1813.019817,1990.84071
2.605,1837.340299,1813.119206,1991.626541
2.61,1837.720873,1813.217195,1992.412229
2.615,1838.101861,1813.313776,1993.197765
2.62,1838.483262,1813.408945,1993.983144
2.625,1838.865077,1813.5027,1994.768363
2.63,1839.247305,1813.595037,1995.553416
2.635,1839.629948,1813.685953,1996.338302
2.64,1840.013005,1813.775445,1997.123015
2.645,1840.396477,1813.86351,1997.907551
2.65,1840.780344,1813.950123,1998.691886
2.655,1841.164581,1814.035258,1999.475992
2.66,1841.549188,1814.118911,2000.259863
2.665,1841.934165,1814.201078,2001.043495
2.67,1842.319512,1814.281755,2001.826885
2.675,1842.705228,1814.360941,2002.610028
2.68,1843.091315,1814.438631,2003.392919
2.685,1843.47777,1814.51482,2004.175553
2.69,1843.864587,1814.5895,2004.957918
2.695,1844.251766,1814.662665,2005.740011
2.7,1844.639305,1814.734312,2006.521825
2.705,1845.027205,1814.804437,2007.303357
2.71,1845.415465,1814.873038,2008.084602
2.715,1845.804085,1814.94011,2008.865555
2.72,1846.193065,1815.005649,2009.646212
2.725,1846.582412,1815.06966,2010.426574
2.73,1846.97213,1815.132143,2011.206642
2.735,1847.362219,1815.193095,2011.986411
2.74,1847.752679,1815.252512,2012.765877
2.745,1848.14351,1815.310391,2013.545036
2.75,1848.534711,1815.366728,2014.323881
2.755,1848.926284,1815.42152,2015.102409
2.76,1849.318236,1815.474772,2015.880625
2.765,1849.71061,1815.526523,2016.658565
2.77,1850.10341,1815.576773,2017.436229
2.775,1850.496637,1815.625519,2018.213613
2.78,1850.89029,1815.672758,2018.990712
2.785,1851.284371,1815.718485,2019.767521
2.79,1851.678879,1815.762698,2020.544037
2.795,1852.073815,1815.805393,2021.320254
2.8,1852.469188,1815.846575,2022.096176
2.805,1852.865004,1815.886247,2022.871806
2.81,1853.261264,1815.924405,2023.647137
2.815,1853.657967,1815.961045,2024.422166
2.82,1854.055115,1815.996163,2025.196888
2.825,1854.452707,1816.029757,2025.971298
2.83,1854.850744,1816.061821,2026.74539
2.835,1855.249226,1816.092354,2027.519162
2.84,1855.648154,1816.121351,2028.292607
2.845,1856.047527,1816.148808,2029.06572
2.85,1856.447347,1816.174722,2029.838498
2.855,1856.847613,1816.199088,2030.610935
2.86,1857.248326,1816.221904,2031.383025
2.865,1857.649486,1816.243166,2032.154765
2.87,1858.051093,1816.262867,2032.926148
2.875,1858.453106,1816.280966,2033.697129
2.88,1858.855509,1816.297441,2034.467687
2.885,1859.258301,1816.312289,2035.237815
2.89,1859.661483,1816.325504,2036.007509
2.895,1860.065054,1816.337084,2036.776762
2.9,1860.469014,1816.347024,2037.545571
2.905,1860.873363,1816.35532,2038.313929
2.91,1861.278069,1816.361938,2039.081799
2.915,1861.683064,1816.366804,2039.849109
2.92,1862.088344,1816.369912,2040.615849
2.925,1862.493908,1816.371257,2041.382013
2.93,1862.899755,1816.370836,2042.147595
2.935,1863.305882,1816.368643,2042.912589
2.94,1863.71229,1816.364674,2043.676989
2.945,1864.118977,1816.358925,2044.440789
2.95,1864.525942,1816.351391,2045.203982
2.955,1864.933183,1816.342067,2045.966562
2.96,1865.340699,1816.330949,2046.728522
2.965,1865.74849,1816.318033,2047.489857
2.97,1866.156552,1816.303314,2048.25056
2.975,1866.564886,1816.286787,2049.010625
2.98,1866.97349,1816.268447,2049.770045
2.985,1867.382382,1816.248311,2050.528834
2.99,1867.791595,1816.226407,2051.287019
2.995,1868.201128,1816.20273,2052.044594
3.0,1868.610981,1816.177277,2052.801553
3.005,1869.021151,1816.150042,2053.557889
3.01,1869.431639,1816.12102,2054.313595
3.015,1869.842442,1816.090209,2055.068667
3.02,1870.253562,1816.057603,2055.823097
3.025,1870.665007,1816.023207,2056.57689
3.03,1871.076777,1815.98702,2057.330041
3.035,1871.488872,1815.949037,2058.082543
3.04,1871.901291,1815.909253,2058.834391
3.045,1872.314033,1815.867662,2059.585577
3.05,1872.727096,1815.824262,2060.336095
3.055,1873.14048,1815.779046,2061.085939
3.06,1873.55419,1815.732017,2061.835107
3.065,1873.968231,1815.683175,2062.583601
3.07,1874.382603,1815.632518,2063.331413
3.075,1874.797304,1815.580039,2064.078537
3.08,1875.212334,1815.525735,2064.824966
3.085,1875.627692,1815.469599,2065.570693
3.09,1876.043375,1815.411628,2066.315712
3.095,1876.459381,1815.351813,2067.060012
3.1,1876.875684,1815.290127,2067.803564
3.105,1877.29228,1815.22656,2068.546358
3.11,1877.709167,1815.161109,2069.288385
3.115,1878.126345,1815.093767,2070.029639
3.12,1878.543811,1815.024531,2070.770114
3.125,1878.961564,1814.953395,2071.509801
3.13,1879.379603,1814.880353,2072.248694
3.135,1879.797881,1814.805357,2072.98674
3.14,1880.216361,1814.728365,2073.723896
3.145,1880.63504,1814.649371,2074.460155
3.15,1881.053916,1814.568371,2075.19551
3.155,1881.472987,1814.485359,2075.929951
3.16,1881.892249,1814.40033,2076.663471
3.165,1882.311702,1814.313277,2077.396062
3.17,1882.73134,1814.224195,2078.127716
3.175,1883.151156,1814.133072,2078.858418
3.18,1883.571148,1814.039903,2079.588161
3.185,1883.991312,1813.944682,2080.316936
3.19,1884.411646,1813.847404,2081.044736
3.195,1884.832147,1813.748061,2081.771551
3.2,1885.252813,1813.64665,2082.497373
3.205,1885.673639,1813.543164,2083.222195
3.21,1886.094613,1813.437586,2083.945997
3.215,1886.515726,1813.329905,2084.668764
3.22,1886.936974,1813.220115,2085.390488
3.225,1887.358354,1813.108209,2086.11116
3.23,1887.779863,1812.994182,2086.830771
3.235,1888.201497,1812.878028,2087.549314
3.24,1888.623254,1812.759741,2088.266778
3.245,1889.045122,1812.639306,2088.983147
3.25,1889.467068,1812.516688,2089.698384
3.255,1889.889087,1812.391882,2090.412478
3.26,1890.311176,1812.264879,2091.12542
3.265,1890.733332,1812.135675,2091.837201
3.27,1891.155549,1812.004262,2092.547811
3.275,1891.577824,1811.870635,2093.257242
3.28,1892.000153,1811.734787,2093.965485
3.285,1892.422527,1811.596707,2094.672523
3.29,1892.84494,1811.456387,2095.378348
3.295,1893.267388,1811.313819,2096.082948
3.3,1893.689865,1811.168998,2096.786314
3.305,1894.112369,1811.021918,2097.488438
3.31,1894.534894,1810.872571,2098.189308
3.315,1894.957437,1810.720952,2098.888916
3.32,1895.379954,1810.567015,2099.587214
3.325,1895.802363,1810.410677,2100.284114
3.33,1896.224655,1810.251926,2100.979602
3.335,1896.646824,1810.090757,2101.673668
3.34,1897.068865,1809.927162,2102.366301
3.345,1897.49077,1809.761135,2103.057491
3.35,1897.912536,1809.592667,2103.747228
3.355,1898.334153,1809.421751,2104.435498
3.36,1898.755599,1809.248363,2105.122275
3.365,1899.176865,1809.072492,2105.807544
3.37,1899.597942,1808.89413,2106.491293
3.375,1900.018825,1808.71327,2107.173511
3.38,1900.439507,1808.529904,2107.854188
3.385,1900.85998,1808.344025,2108.533311
3.39,1901.280239,1808.155625,2109.21087
3.395,1901.700305,1807.964726,2109.886882
3.4,1902.120216,1807.771366,2110.561382
3.405,1902.539967,1807.575538,2111.234357
3.41,1902.959551,1807.377234,2111.905798
3.415,1903.378961,1807.176446,2112.575692
3.42,1903.798191,1806.973168,2113.244029
3.425,1904.217235,1806.767391,2113.910798
3.43,1904.636099,1806.559124,2114.576001
3.435,1905.054893,1806.348474,2115.239744
3.44,1905.473637,1806.135459,2115.902039
3.445,1905.892323,1805.920071,2116.562876
3.45,1906.310948,1805.702303,2117.222244
3.455,1906.729506,1805.482149,2117.880134
3.46,1907.14799,1805.259601,2118.536533
3.465,1907.566396,1805.034652,2119.191431
3.47,1907.984691,1804.80727,2119.844792
3.475,1908.402842,1804.577419,2120.496576
3.48,1908.820842,1804.345091,2121.146772
3.485,1909.238684,1804.11028,2121.79537
3.49,1909.656363,1803.872978,2122.442356
3.495,1910.07387,1803.633178,2123.087721
3.5,1910.491201,1803.390871,2123.731452
3.505,1910.908309,1803.146012,2124.373499
3.51,1911.324978,1802.898386,2125.013642
3.515,1911.741169,1802.647953,2125.651839
3.52,1912.156872,1802.394705,2126.288075
3.525,1912.572076,1802.138634,2126.922338
3.53,1912.986773,1801.879731,2127.554614
3.535,1913.40095,1801.617986,2128.184888
3.54,1913.814599,1801.353392,2128.813149
3.545,1914.227648,1801.085879,2129.439321
3.55,1914.640042,1800.815394,2130.063346
3.555,1915.051769,1800.541929,2130.685212
3.56,1915.462818,1800.265474,2131.304902
3.565,1915.873176,1799.986019,2131.922402
3.57,1916.282831,1799.703556,2132.537698
3.575,1916.69177,1799.418074,2133.150774
3.58,1917.099909,1799.129491,2133.761544
3.585,1917.50715,1798.837716,2134.369908
3.59,1917.913479,1798.542736,2134.975851
3.595,1918.318882,1798.244544,2135.579356
3.6,1918.723343,1797.943127,2136.180408
3.605,1919.126847,1797.638475,2136.77899
3.61,1919.529381,1797.33058,2137.375086
3.615,1919.930969,1797.019471,2137.968722
3.62,1920.331617,1796.705158,2138.5599
3.625,1920.731309,1796.38763,2139.148606
3.63,1921.130031,1796.066879,2139.734821
3.635,1921.527767,1795.742892,2140.31853
3.64,1921.924501,1795.415659,2140.899717
3.645,1922.320218,1795.085171,2141.478364
3.65,1922.714974,1794.751489,2142.054529
3.655,1923.108809,1794.414656,2142.628248
3.66,1923.501707,1794.074664,2143.199506
3.665,1923.893654,1793.7315,2143.768286
3.67,1924.284634,1793.385156,2144.334572
3.675,1924.674632,1793.035621,2144.898348
3.68,1925.063631,1792.682885,2145.459598
3.685,1925.451582,1792.326901,2146.01827
3.69,1925.838336,1791.967529,2146.574215
3.695,1926.223862,1791.604744,2147.127403
3.7,1926.608142,1791.238534,2147.677816
3.705,1926.991157,1790.868889,2148.225436
3.71,1927.372888,1790.495797,2148.770245
3.715,1927.753317,1790.119247,2149.312224
3.72,1928.132415,1789.739218,2149.851347
3.725,1928.510111,1789.355646,2150.387543
3.73,1928.886374,1788.96851,2150.920783
3.735,1929.261184,1788.577798,2151.451048
3.74,1929.634522,1788.1835,2151.978321
3.745,1930.006365,1787.785602,2152.502581
3.75,1930.376692,1787.384092,2153.023809
3.755,1930.745446,1786.978924,2153.54195
3.76,1931.112578,1786.570056,2154.056957
3.765,1931.478066,1786.157479,2154.568811
3.77,1931.841886,1785.741177,2155.077492
3.775,1932.204016,1785.32114,2155.582979
3.78,1932.564431,1784.897355,2156.085252
3.785,1932.923101,1784.469801,2156.584284
3.79,1933.279997,1784.038461,2157.080047
3.795,1933.635093,1783.60332,2157.572522
3.8,1933.988364,1783.164366,2158.061686
3.805,1934.339786,1782.721586,2158.54752
3.81,1934.689334,1782.274967,2159.030002
3.815,1935.036979,1781.824493,2159.509108
3.82,1935.382691,1781.370146,2159.984813
3.825,1935.726445,1780.911915,2160.457095
3.83,1936.068214,1780.449784,2160.925933
3.835,1936.407971,1779.983741,2161.391306
3.84,1936.74569,1779.513773,2161.85319
3.845,1937.081291,1779.039814,2162.311515
3.85,1937.414634,1778.561739,2162.766143
3.855,1937.745684,1778.079528,2163.217048
3.86,1938.074411,1777.593167,2163.664206
3.865,1938.400785,1777.102642,2164.107594
3.87,1938.724775,1776.607939,2164.547188
3.875,1939.046322,1776.109014,2164.982937
3.88,1939.365369,1775.605828,2165.414791
3.885,1939.681884,1775.098365,2165.842727
3.89,1939.995833,1774.586612,2166.266718
3.895,1940.307184,1774.070552,2166.686742
3.9,1940.61558,1773.549849,2167.102451
3.905,1940.920572,1773.024074,2167.513407
3.91,1941.222117,1772.49321,2167.91958
3.915,1941.520164,1771.957231,2168.320932
3.92,1941.814484,1771.415933,2168.717249
3.925,1942.104943,1770.869208,2169.10841
3.93,1942.391492,1770.317036,2169.494384
3.935,1942.674451,1769.759765,2169.875504
3.94,1942.954474,1769.198072,2170.252439
3.945,1943.231541,1768.631958,2170.625178
3.95,1943.505614,1768.061407,2170.993697
3.955,1943.776657,1767.486404,2171.357968
3.96,1944.044652,1766.906955,2171.717988
3.965,1944.309618,1766.323098,2172.073787
3.97,1944.571519,1765.734821,2172.425339
3.975,1944.830317,1765.142108,2172.77262
3.98,1945.085973,1764.544944,2173.115604
3.985,1945.338426,1763.943289,2173.454241
3.99,1945.587304,1763.336798,2173.788174
3.995,1945.832461,1762.72535,2174.117272
4.0,1946.073849,1762.108926,2174.441503
